allele1;allele2;locus;serological_group;pPO_NetMHCpan;ES
A*02:01;A*03:02;A;Mixed;0.0;20.0
A*02:01;A*03:241;A;Mixed;0.0;20.0
A*02:01;A*34:02;A;Mixed;0.0;20.0
A*02:01;A*68:01;A;Mixed;0.0;27.0
A*02:01;A*68:03;A;Mixed;0.0;28.0
A*02:01;A*68:08;A;Mixed;0.0;28.0
A*02:01;A*68:10;A;Mixed;0.0;27.0
A*02:01;A*68:164;A;Mixed;0.0;27.0
A*02:01;A*68:24;A;Mixed;0.0;27.0
A*02:01;A*68:25;A;Mixed;0.0;25.0
A*02:01;A*68:35;A;Mixed;0.0;27.0
A*02:01;A*68:55;A;Mixed;0.0;27.0
A*02:02;A*03:02;A;Mixed;0.0;20.0
A*02:02;A*24:03;A;Mixed;13.0;20.0
A*02:02;A*24:33;A;Mixed;13.0;25.0
A*02:02;A*68:01;A;Mixed;0.0;28.0
A*02:02;A*68:03;A;Mixed;0.0;29.0
A*02:02;A*68:08;A;Mixed;0.0;27.0
A*02:02;A*68:10;A;Mixed;0.0;28.0
A*02:02;A*68:164;A;Mixed;0.0;28.0
A*02:02;A*68:24;A;Mixed;0.0;28.0
A*02:02;A*68:25;A;Mixed;0.0;26.0
A*02:02;A*68:35;A;Mixed;0.0;28.0
A*02:02;A*68:55;A;Mixed;0.0;28.0
A*02:03;A*24:33;A;Mixed;5.0;20.0
A*02:03;A*34:02;A;Mixed;0.0;22.0
A*02:03;A*68:01;A;Mixed;0.0;23.0
A*02:03;A*68:03;A;Mixed;0.0;24.0
A*02:03;A*68:08;A;Mixed;0.0;22.0
A*02:03;A*68:10;A;Mixed;0.0;23.0
A*02:03;A*68:164;A;Mixed;0.0;23.0
A*02:03;A*68:24;A;Mixed;0.0;23.0
A*02:03;A*68:25;A;Mixed;0.0;21.0
A*02:03;A*68:35;A;Mixed;0.0;23.0
A*02:03;A*68:55;A;Mixed;0.0;23.0
A*02:04;A*03:02;A;Mixed;1.0;20.0
A*02:04;A*03:241;A;Mixed;1.0;20.0
A*02:04;A*31:01;A;Mixed;0.0;20.0
A*02:04;A*31:16;A;Mixed;0.0;20.0
A*02:04;A*31:48;A;Mixed;0.0;20.0
A*02:04;A*33:01;A;Mixed;0.0;20.0
A*02:04;A*33:03;A;Mixed;0.0;20.0
A*02:04;A*33:04;A;Mixed;0.0;20.0
A*02:04;A*33:05;A;Mixed;0.0;20.0
A*02:04;A*33:170;A;Mixed;0.0;20.0
A*02:04;A*34:02;A;Mixed;2.0;20.0
A*02:04;A*68:01;A;Mixed;0.0;28.0
A*02:04;A*68:03;A;Mixed;0.0;29.0
A*02:04;A*68:08;A;Mixed;0.0;29.0
A*02:04;A*68:10;A;Mixed;0.0;28.0
A*02:04;A*68:164;A;Mixed;0.0;28.0
A*02:04;A*68:24;A;Mixed;0.0;28.0
A*02:04;A*68:25;A;Mixed;0.0;26.0
A*02:04;A*68:35;A;Mixed;0.0;28.0
A*02:04;A*68:55;A;Mixed;0.0;28.0
A*02:05;A*34:02;A;Mixed;1.0;20.0
A*02:05;A*68:01;A;Mixed;0.0;29.0
A*02:05;A*68:03;A;Mixed;0.0;30.0
A*02:05;A*68:08;A;Mixed;0.0;28.0
A*02:05;A*68:10;A;Mixed;0.0;29.0
A*02:05;A*68:164;A;Mixed;0.0;29.0
A*02:05;A*68:24;A;Mixed;0.0;29.0
A*02:05;A*68:25;A;Mixed;0.0;27.0
A*02:05;A*68:35;A;Mixed;0.0;29.0
A*02:05;A*68:55;A;Mixed;0.0;29.0
A*02:06;A*34:02;A;Mixed;0.0;21.0
A*02:06;A*68:01;A;Mixed;0.0;28.0
A*02:06;A*68:03;A;Mixed;0.0;29.0
A*02:06;A*68:08;A;Mixed;0.0;29.0
A*02:06;A*68:10;A;Mixed;0.0;28.0
A*02:06;A*68:164;A;Mixed;0.0;28.0
A*02:06;A*68:24;A;Mixed;0.0;28.0
A*02:06;A*68:25;A;Mixed;0.0;26.0
A*02:06;A*68:35;A;Mixed;0.0;28.0
A*02:06;A*68:55;A;Mixed;0.0;28.0
A*02:07;A*68:01;A;Mixed;0.0;26.0
A*02:07;A*68:03;A;Mixed;0.0;27.0
A*02:07;A*68:08;A;Mixed;0.0;27.0
A*02:07;A*68:10;A;Mixed;0.0;26.0
A*02:07;A*68:164;A;Mixed;0.0;26.0
A*02:07;A*68:24;A;Mixed;0.0;26.0
A*02:07;A*68:25;A;Mixed;0.0;24.0
A*02:07;A*68:35;A;Mixed;0.0;26.0
A*02:07;A*68:55;A;Mixed;0.0;26.0
A*02:08;A*03:01;A;Mixed;0.0;20.0
A*02:08;A*03:02;A;Mixed;0.0;22.0
A*02:08;A*03:05;A;Mixed;0.0;20.0
A*02:08;A*03:20;A;Mixed;0.0;20.0
A*02:08;A*03:241;A;Mixed;0.0;21.0
A*02:08;A*03:26;A;Mixed;0.0;20.0
A*02:08;A*03:315;A;Mixed;0.0;20.0
A*02:08;A*03:53;A;Mixed;0.0;20.0
A*02:08;A*03:65;A;Mixed;0.0;20.0
A*02:08;A*11:18;A;Mixed;0.0;21.0
A*02:08;A*31:01;A;Mixed;0.0;22.0
A*02:08;A*31:04;A;Mixed;0.0;22.0
A*02:08;A*31:16;A;Mixed;0.0;22.0
A*02:08;A*31:48;A;Mixed;0.0;22.0
A*02:08;A*33:01;A;Mixed;0.0;22.0
A*02:08;A*33:03;A;Mixed;0.0;22.0
A*02:08;A*33:04;A;Mixed;0.0;22.0
A*02:08;A*33:05;A;Mixed;0.0;22.0
A*02:08;A*33:170;A;Mixed;0.0;22.0
A*02:08;A*34:02;A;Mixed;1.0;23.0
A*02:08;A*68:01;A;Mixed;0.0;32.0
A*02:08;A*68:03;A;Mixed;0.0;34.0
A*02:08;A*68:08;A;Mixed;0.0;31.0
A*02:08;A*68:10;A;Mixed;0.0;32.0
A*02:08;A*68:164;A;Mixed;0.0;32.0
A*02:08;A*68:24;A;Mixed;0.0;32.0
A*02:08;A*68:25;A;Mixed;0.0;30.0
A*02:08;A*68:35;A;Mixed;0.0;32.0
A*02:08;A*68:55;A;Mixed;0.0;32.0
A*02:09;A*03:02;A;Mixed;0.0;20.0
A*02:09;A*03:241;A;Mixed;0.0;20.0
A*02:09;A*34:02;A;Mixed;0.0;20.0
A*02:09;A*68:01;A;Mixed;0.0;27.0
A*02:09;A*68:03;A;Mixed;0.0;28.0
A*02:09;A*68:08;A;Mixed;0.0;28.0
A*02:09;A*68:10;A;Mixed;0.0;27.0
A*02:09;A*68:164;A;Mixed;0.0;27.0
A*02:09;A*68:24;A;Mixed;0.0;27.0
A*02:09;A*68:25;A;Mixed;0.0;25.0
A*02:09;A*68:35;A;Mixed;0.0;27.0
A*02:09;A*68:55;A;Mixed;0.0;27.0
A*02:10;A*34:02;A;Mixed;2.0;20.0
A*02:10;A*68:01;A;Mixed;0.0;27.0
A*02:10;A*68:03;A;Mixed;0.0;28.0
A*02:10;A*68:08;A;Mixed;0.0;28.0
A*02:10;A*68:10;A;Mixed;0.0;27.0
A*02:10;A*68:164;A;Mixed;0.0;27.0
A*02:10;A*68:24;A;Mixed;0.0;27.0
A*02:10;A*68:25;A;Mixed;0.0;25.0
A*02:10;A*68:35;A;Mixed;0.0;27.0
A*02:10;A*68:55;A;Mixed;0.0;27.0
A*02:105;A*03:02;A;Mixed;0.0;20.0
A*02:105;A*03:241;A;Mixed;0.0;20.0
A*02:105;A*34:02;A;Mixed;1.0;20.0
A*02:105;A*68:01;A;Mixed;0.0;27.0
A*02:105;A*68:03;A;Mixed;0.0;28.0
A*02:105;A*68:08;A;Mixed;0.0;28.0
A*02:105;A*68:10;A;Mixed;0.0;27.0
A*02:105;A*68:164;A;Mixed;0.0;27.0
A*02:105;A*68:24;A;Mixed;0.0;27.0
A*02:105;A*68:25;A;Mixed;0.0;25.0
A*02:105;A*68:35;A;Mixed;0.0;27.0
A*02:105;A*68:55;A;Mixed;0.0;27.0
A*02:11;A*03:02;A;Mixed;0.0;20.0
A*02:11;A*03:241;A;Mixed;0.0;20.0
A*02:11;A*24:33;A;Mixed;12.0;24.0
A*02:11;A*31:01;A;Mixed;0.0;20.0
A*02:11;A*31:04;A;Mixed;0.0;20.0
A*02:11;A*31:16;A;Mixed;0.0;20.0
A*02:11;A*31:48;A;Mixed;0.0;20.0
A*02:11;A*33:01;A;Mixed;0.0;20.0
A*02:11;A*33:03;A;Mixed;0.0;20.0
A*02:11;A*33:04;A;Mixed;0.0;20.0
A*02:11;A*33:05;A;Mixed;0.0;20.0
A*02:11;A*33:170;A;Mixed;0.0;20.0
A*02:11;A*34:02;A;Mixed;0.0;20.0
A*02:11;A*68:01;A;Mixed;0.0;27.0
A*02:11;A*68:03;A;Mixed;0.0;28.0
A*02:11;A*68:08;A;Mixed;0.0;28.0
A*02:11;A*68:10;A;Mixed;0.0;27.0
A*02:11;A*68:164;A;Mixed;0.0;27.0
A*02:11;A*68:24;A;Mixed;0.0;27.0
A*02:11;A*68:25;A;Mixed;0.0;25.0
A*02:11;A*68:35;A;Mixed;0.0;27.0
A*02:11;A*68:55;A;Mixed;0.0;27.0
A*02:12;A*03:02;A;Mixed;0.0;21.0
A*02:12;A*24:03;A;Mixed;14.0;20.0
A*02:12;A*24:33;A;Mixed;14.0;25.0
A*02:12;A*68:01;A;Mixed;0.0;27.0
A*02:12;A*68:03;A;Mixed;0.0;28.0
A*02:12;A*68:08;A;Mixed;0.0;27.0
A*02:12;A*68:10;A;Mixed;0.0;27.0
A*02:12;A*68:164;A;Mixed;0.0;27.0
A*02:12;A*68:24;A;Mixed;0.0;27.0
A*02:12;A*68:25;A;Mixed;0.0;25.0
A*02:12;A*68:35;A;Mixed;0.0;27.0
A*02:12;A*68:55;A;Mixed;0.0;27.0
A*02:121;A*03:02;A;Mixed;0.0;20.0
A*02:121;A*03:241;A;Mixed;0.0;20.0
A*02:121;A*34:02;A;Mixed;0.0;20.0
A*02:121;A*68:01;A;Mixed;0.0;27.0
A*02:121;A*68:03;A;Mixed;0.0;28.0
A*02:121;A*68:08;A;Mixed;0.0;28.0
A*02:121;A*68:10;A;Mixed;0.0;27.0
A*02:121;A*68:164;A;Mixed;0.0;27.0
A*02:121;A*68:24;A;Mixed;0.0;27.0
A*02:121;A*68:25;A;Mixed;0.0;25.0
A*02:121;A*68:35;A;Mixed;0.0;27.0
A*02:121;A*68:55;A;Mixed;0.0;27.0
A*02:123;A*03:02;A;Mixed;0.0;20.0
A*02:123;A*03:241;A;Mixed;0.0;20.0
A*02:123;A*34:02;A;Mixed;0.0;20.0
A*02:123;A*68:01;A;Mixed;0.0;27.0
A*02:123;A*68:03;A;Mixed;0.0;28.0
A*02:123;A*68:08;A;Mixed;0.0;28.0
A*02:123;A*68:10;A;Mixed;0.0;27.0
A*02:123;A*68:164;A;Mixed;0.0;27.0
A*02:123;A*68:24;A;Mixed;0.0;27.0
A*02:123;A*68:25;A;Mixed;0.0;25.0
A*02:123;A*68:35;A;Mixed;0.0;27.0
A*02:123;A*68:55;A;Mixed;0.0;27.0
A*02:13;A*03:01;A;Mixed;1.0;20.0
A*02:13;A*03:05;A;Mixed;1.0;20.0
A*02:13;A*03:20;A;Mixed;1.0;20.0
A*02:13;A*03:241;A;Mixed;1.0;21.0
A*02:13;A*03:26;A;Mixed;1.0;20.0
A*02:13;A*03:315;A;Mixed;1.0;20.0
A*02:13;A*03:53;A;Mixed;1.0;20.0
A*02:13;A*03:65;A;Mixed;1.0;21.0
A*02:13;A*24:33;A;Mixed;13.0;23.0
A*02:13;A*34:02;A;Mixed;1.0;21.0
A*02:13;A*68:01;A;Mixed;0.0;25.0
A*02:13;A*68:03;A;Mixed;0.0;26.0
A*02:13;A*68:08;A;Mixed;0.0;25.0
A*02:13;A*68:10;A;Mixed;0.0;25.0
A*02:13;A*68:164;A;Mixed;0.0;25.0
A*02:13;A*68:24;A;Mixed;0.0;25.0
A*02:13;A*68:25;A;Mixed;0.0;23.0
A*02:13;A*68:35;A;Mixed;0.0;25.0
A*02:13;A*68:55;A;Mixed;0.0;25.0
A*02:131;A*24:33;A;Mixed;12.0;23.0
A*02:131;A*68:01;A;Mixed;0.0;26.0
A*02:131;A*68:03;A;Mixed;0.0;27.0
A*02:131;A*68:08;A;Mixed;0.0;27.0
A*02:131;A*68:10;A;Mixed;0.0;26.0
A*02:131;A*68:164;A;Mixed;0.0;26.0
A*02:131;A*68:24;A;Mixed;0.0;26.0
A*02:131;A*68:25;A;Mixed;0.0;24.0
A*02:131;A*68:35;A;Mixed;0.0;26.0
A*02:131;A*68:55;A;Mixed;0.0;26.0
A*02:136;A*68:01;A;Mixed;0.0;23.0
A*02:136;A*68:03;A;Mixed;1.0;24.0
A*02:136;A*68:08;A;Mixed;1.0;22.0
A*02:136;A*68:10;A;Mixed;1.0;23.0
A*02:136;A*68:164;A;Mixed;0.0;23.0
A*02:136;A*68:24;A;Mixed;0.0;23.0
A*02:136;A*68:25;A;Mixed;0.0;21.0
A*02:136;A*68:35;A;Mixed;0.0;23.0
A*02:136;A*68:55;A;Mixed;0.0;23.0
A*02:14;A*34:02;A;Mixed;1.0;21.0
A*02:14;A*68:01;A;Mixed;0.0;28.0
A*02:14;A*68:03;A;Mixed;0.0;29.0
A*02:14;A*68:08;A;Mixed;0.0;29.0
A*02:14;A*68:10;A;Mixed;0.0;28.0
A*02:14;A*68:164;A;Mixed;0.0;28.0
A*02:14;A*68:24;A;Mixed;0.0;28.0
A*02:14;A*68:25;A;Mixed;0.0;26.0
A*02:14;A*68:35;A;Mixed;0.0;28.0
A*02:14;A*68:55;A;Mixed;0.0;28.0
A*02:141;A*03:02;A;Mixed;1.0;20.0
A*02:141;A*03:241;A;Mixed;1.0;20.0
A*02:141;A*68:01;A;Mixed;0.0;22.0
A*02:141;A*68:03;A;Mixed;0.0;23.0
A*02:141;A*68:08;A;Mixed;0.0;23.0
A*02:141;A*68:10;A;Mixed;0.0;22.0
A*02:141;A*68:164;A;Mixed;0.0;22.0
A*02:141;A*68:24;A;Mixed;0.0;22.0
A*02:141;A*68:25;A;Mixed;0.0;20.0
A*02:141;A*68:35;A;Mixed;0.0;22.0
A*02:141;A*68:55;A;Mixed;0.0;22.0
A*02:156;A*03:01;A;Mixed;1.0;20.0
A*02:156;A*03:02;A;Mixed;1.0;21.0
A*02:156;A*03:05;A;Mixed;1.0;20.0
A*02:156;A*03:20;A;Mixed;1.0;20.0
A*02:156;A*03:241;A;Mixed;1.0;20.0
A*02:156;A*03:26;A;Mixed;1.0;20.0
A*02:156;A*03:315;A;Mixed;1.0;20.0
A*02:156;A*03:53;A;Mixed;1.0;20.0
A*02:156;A*68:01;A;Mixed;0.0;22.0
A*02:156;A*68:03;A;Mixed;0.0;23.0
A*02:156;A*68:08;A;Mixed;0.0;23.0
A*02:156;A*68:10;A;Mixed;0.0;22.0
A*02:156;A*68:164;A;Mixed;0.0;22.0
A*02:156;A*68:24;A;Mixed;0.0;22.0
A*02:156;A*68:25;A;Mixed;0.0;21.0
A*02:156;A*68:35;A;Mixed;0.0;22.0
A*02:156;A*68:55;A;Mixed;0.0;22.0
A*02:17;A*68:01;A;Mixed;0.0;27.0
A*02:17;A*68:03;A;Mixed;0.0;28.0
A*02:17;A*68:08;A;Mixed;0.0;28.0
A*02:17;A*68:10;A;Mixed;0.0;27.0
A*02:17;A*68:164;A;Mixed;0.0;27.0
A*02:17;A*68:24;A;Mixed;0.0;27.0
A*02:17;A*68:25;A;Mixed;0.0;25.0
A*02:17;A*68:35;A;Mixed;0.0;27.0
A*02:17;A*68:55;A;Mixed;0.0;27.0
A*02:179;A*34:02;A;Mixed;1.0;20.0
A*02:179;A*68:01;A;Mixed;0.0;30.0
A*02:179;A*68:03;A;Mixed;0.0;31.0
A*02:179;A*68:08;A;Mixed;0.0;29.0
A*02:179;A*68:10;A;Mixed;0.0;30.0
A*02:179;A*68:164;A;Mixed;0.0;29.0
A*02:179;A*68:24;A;Mixed;0.0;30.0
A*02:179;A*68:25;A;Mixed;0.0;28.0
A*02:179;A*68:35;A;Mixed;0.0;30.0
A*02:179;A*68:55;A;Mixed;0.0;30.0
A*02:19;A*03:01;A;Mixed;0.0;21.0
A*02:19;A*03:02;A;Mixed;0.0;24.0
A*02:19;A*03:05;A;Mixed;0.0;21.0
A*02:19;A*03:20;A;Mixed;0.0;21.0
A*02:19;A*03:241;A;Mixed;0.0;21.0
A*02:19;A*03:26;A;Mixed;0.0;21.0
A*02:19;A*03:315;A;Mixed;0.0;21.0
A*02:19;A*03:53;A;Mixed;0.0;21.0
A*02:19;A*03:65;A;Mixed;0.0;21.0
A*02:19;A*11:18;A;Mixed;1.0;20.0
A*02:19;A*68:01;A;Mixed;0.0;20.0
A*02:19;A*68:03;A;Mixed;0.0;21.0
A*02:19;A*68:08;A;Mixed;0.0;20.0
A*02:19;A*68:10;A;Mixed;0.0;20.0
A*02:19;A*68:164;A;Mixed;0.0;20.0
A*02:19;A*68:24;A;Mixed;0.0;20.0
A*02:19;A*68:35;A;Mixed;0.0;20.0
A*02:19;A*68:55;A;Mixed;0.0;20.0
A*02:20;A*03:01;A;Mixed;1.0;22.0
A*02:20;A*03:02;A;Mixed;1.0;23.0
A*02:20;A*03:05;A;Mixed;1.0;22.0
A*02:20;A*03:20;A;Mixed;1.0;22.0
A*02:20;A*03:241;A;Mixed;1.0;23.0
A*02:20;A*03:26;A;Mixed;1.0;22.0
A*02:20;A*03:315;A;Mixed;1.0;22.0
A*02:20;A*03:53;A;Mixed;1.0;22.0
A*02:20;A*03:65;A;Mixed;1.0;21.0
A*02:20;A*11:18;A;Mixed;1.0;20.0
A*02:20;A*31:01;A;Mixed;0.0;23.0
A*02:20;A*31:04;A;Mixed;0.0;23.0
A*02:20;A*31:16;A;Mixed;0.0;23.0
A*02:20;A*31:48;A;Mixed;0.0;23.0
A*02:20;A*33:01;A;Mixed;0.0;23.0
A*02:20;A*33:03;A;Mixed;0.0;23.0
A*02:20;A*33:04;A;Mixed;0.0;23.0
A*02:20;A*33:05;A;Mixed;0.0;23.0
A*02:20;A*33:170;A;Mixed;0.0;23.0
A*02:20;A*34:02;A;Mixed;1.0;23.0
A*02:20;A*68:01;A;Mixed;0.0;30.0
A*02:20;A*68:03;A;Mixed;0.0;32.0
A*02:20;A*68:08;A;Mixed;0.0;31.0
A*02:20;A*68:10;A;Mixed;0.0;30.0
A*02:20;A*68:164;A;Mixed;0.0;30.0
A*02:20;A*68:24;A;Mixed;0.0;30.0
A*02:20;A*68:25;A;Mixed;0.0;28.0
A*02:20;A*68:35;A;Mixed;0.0;30.0
A*02:20;A*68:55;A;Mixed;0.0;30.0
A*02:22;A*03:02;A;Mixed;0.0;20.0
A*02:22;A*24:33;A;Mixed;9.0;24.0
A*02:22;A*68:01;A;Mixed;0.0;28.0
A*02:22;A*68:03;A;Mixed;0.0;29.0
A*02:22;A*68:08;A;Mixed;0.0;27.0
A*02:22;A*68:10;A;Mixed;0.0;28.0
A*02:22;A*68:164;A;Mixed;0.0;28.0
A*02:22;A*68:24;A;Mixed;0.0;28.0
A*02:22;A*68:25;A;Mixed;0.0;26.0
A*02:22;A*68:35;A;Mixed;0.0;28.0
A*02:22;A*68:55;A;Mixed;0.0;28.0
A*02:24;A*03:02;A;Mixed;0.0;20.0
A*02:24;A*03:241;A;Mixed;0.0;20.0
A*02:24;A*34:02;A;Mixed;0.0;20.0
A*02:24;A*68:01;A;Mixed;0.0;26.0
A*02:24;A*68:03;A;Mixed;0.0;27.0
A*02:24;A*68:08;A;Mixed;0.0;27.0
A*02:24;A*68:10;A;Mixed;0.0;26.0
A*02:24;A*68:164;A;Mixed;0.0;26.0
A*02:24;A*68:24;A;Mixed;0.0;26.0
A*02:24;A*68:25;A;Mixed;0.0;24.0
A*02:24;A*68:35;A;Mixed;0.0;26.0
A*02:24;A*68:55;A;Mixed;0.0;26.0
A*02:241;A*03:02;A;Mixed;0.0;20.0
A*02:241;A*03:241;A;Mixed;0.0;20.0
A*02:241;A*34:02;A;Mixed;0.0;20.0
A*02:241;A*68:01;A;Mixed;0.0;27.0
A*02:241;A*68:03;A;Mixed;0.0;28.0
A*02:241;A*68:08;A;Mixed;0.0;28.0
A*02:241;A*68:10;A;Mixed;0.0;27.0
A*02:241;A*68:164;A;Mixed;0.0;27.0
A*02:241;A*68:24;A;Mixed;0.0;27.0
A*02:241;A*68:25;A;Mixed;0.0;25.0
A*02:241;A*68:35;A;Mixed;0.0;27.0
A*02:241;A*68:55;A;Mixed;0.0;27.0
A*02:26;A*03:01;A;Mixed;1.0;21.0
A*02:26;A*03:05;A;Mixed;1.0;21.0
A*02:26;A*03:20;A;Mixed;1.0;21.0
A*02:26;A*03:241;A;Mixed;1.0;22.0
A*02:26;A*03:26;A;Mixed;1.0;21.0
A*02:26;A*03:315;A;Mixed;1.0;21.0
A*02:26;A*03:53;A;Mixed;1.0;21.0
A*02:26;A*03:65;A;Mixed;1.0;20.0
A*02:26;A*24:33;A;Mixed;13.0;22.0
A*02:26;A*34:02;A;Mixed;1.0;22.0
A*02:26;A*68:01;A;Mixed;0.0;25.0
A*02:26;A*68:03;A;Mixed;0.0;26.0
A*02:26;A*68:08;A;Mixed;0.0;26.0
A*02:26;A*68:10;A;Mixed;0.0;25.0
A*02:26;A*68:164;A;Mixed;0.0;25.0
A*02:26;A*68:24;A;Mixed;0.0;25.0
A*02:26;A*68:25;A;Mixed;0.0;23.0
A*02:26;A*68:35;A;Mixed;0.0;25.0
A*02:26;A*68:55;A;Mixed;0.0;25.0
A*02:29;A*03:02;A;Mixed;0.0;20.0
A*02:29;A*03:241;A;Mixed;0.0;20.0
A*02:29;A*34:02;A;Mixed;0.0;20.0
A*02:29;A*68:01;A;Mixed;0.0;27.0
A*02:29;A*68:03;A;Mixed;0.0;28.0
A*02:29;A*68:08;A;Mixed;0.0;28.0
A*02:29;A*68:10;A;Mixed;0.0;27.0
A*02:29;A*68:164;A;Mixed;0.0;27.0
A*02:29;A*68:24;A;Mixed;0.0;27.0
A*02:29;A*68:25;A;Mixed;0.0;25.0
A*02:29;A*68:35;A;Mixed;0.0;27.0
A*02:29;A*68:55;A;Mixed;0.0;27.0
A*02:30;A*03:02;A;Mixed;0.0;20.0
A*02:30;A*03:241;A;Mixed;0.0;20.0
A*02:30;A*34:02;A;Mixed;0.0;20.0
A*02:30;A*68:01;A;Mixed;0.0;27.0
A*02:30;A*68:03;A;Mixed;0.0;28.0
A*02:30;A*68:08;A;Mixed;0.0;28.0
A*02:30;A*68:10;A;Mixed;0.0;27.0
A*02:30;A*68:164;A;Mixed;0.0;27.0
A*02:30;A*68:24;A;Mixed;0.0;27.0
A*02:30;A*68:25;A;Mixed;0.0;25.0
A*02:30;A*68:35;A;Mixed;0.0;27.0
A*02:30;A*68:55;A;Mixed;0.0;27.0
A*02:33;A*68:01;A;Mixed;0.0;26.0
A*02:33;A*68:03;A;Mixed;0.0;27.0
A*02:33;A*68:08;A;Mixed;0.0;27.0
A*02:33;A*68:10;A;Mixed;0.0;26.0
A*02:33;A*68:164;A;Mixed;0.0;26.0
A*02:33;A*68:24;A;Mixed;0.0;26.0
A*02:33;A*68:25;A;Mixed;0.0;24.0
A*02:33;A*68:35;A;Mixed;0.0;26.0
A*02:33;A*68:55;A;Mixed;0.0;26.0
A*02:49;A*03:02;A;Mixed;0.0;20.0
A*02:49;A*68:01;A;Mixed;0.0;27.0
A*02:49;A*68:03;A;Mixed;0.0;28.0
A*02:49;A*68:08;A;Mixed;0.0;27.0
A*02:49;A*68:10;A;Mixed;0.0;27.0
A*02:49;A*68:164;A;Mixed;0.0;27.0
A*02:49;A*68:24;A;Mixed;0.0;27.0
A*02:49;A*68:25;A;Mixed;0.0;25.0
A*02:49;A*68:35;A;Mixed;0.0;27.0
A*02:49;A*68:55;A;Mixed;0.0;27.0
A*02:572;A*34:02;A;Mixed;1.0;20.0
A*02:572;A*68:01;A;Mixed;0.0;29.0
A*02:572;A*68:03;A;Mixed;0.0;30.0
A*02:572;A*68:08;A;Mixed;0.0;28.0
A*02:572;A*68:10;A;Mixed;0.0;29.0
A*02:572;A*68:164;A;Mixed;0.0;29.0
A*02:572;A*68:24;A;Mixed;0.0;29.0
A*02:572;A*68:25;A;Mixed;0.0;27.0
A*02:572;A*68:35;A;Mixed;0.0;29.0
A*02:572;A*68:55;A;Mixed;0.0;29.0
A*02:60;A*03:02;A;Mixed;0.0;20.0
A*02:60;A*03:241;A;Mixed;0.0;20.0
A*02:60;A*34:02;A;Mixed;0.0;20.0
A*02:60;A*68:01;A;Mixed;0.0;27.0
A*02:60;A*68:03;A;Mixed;0.0;28.0
A*02:60;A*68:08;A;Mixed;0.0;28.0
A*02:60;A*68:10;A;Mixed;0.0;27.0
A*02:60;A*68:164;A;Mixed;0.0;27.0
A*02:60;A*68:24;A;Mixed;0.0;27.0
A*02:60;A*68:25;A;Mixed;0.0;25.0
A*02:60;A*68:35;A;Mixed;0.0;27.0
A*02:60;A*68:55;A;Mixed;0.0;27.0
A*02:629;A*03:02;A;Mixed;0.0;20.0
A*02:629;A*03:241;A;Mixed;0.0;20.0
A*02:629;A*34:02;A;Mixed;0.0;20.0
A*02:629;A*68:01;A;Mixed;0.0;27.0
A*02:629;A*68:03;A;Mixed;0.0;28.0
A*02:629;A*68:08;A;Mixed;0.0;28.0
A*02:629;A*68:10;A;Mixed;0.0;27.0
A*02:629;A*68:164;A;Mixed;0.0;27.0
A*02:629;A*68:24;A;Mixed;0.0;27.0
A*02:629;A*68:25;A;Mixed;0.0;25.0
A*02:629;A*68:35;A;Mixed;0.0;27.0
A*02:629;A*68:55;A;Mixed;0.0;27.0
A*02:66;A*03:02;A;Mixed;0.0;20.0
A*02:66;A*03:241;A;Mixed;0.0;20.0
A*02:66;A*34:02;A;Mixed;0.0;20.0
A*02:66;A*68:01;A;Mixed;0.0;27.0
A*02:66;A*68:03;A;Mixed;0.0;28.0
A*02:66;A*68:08;A;Mixed;0.0;28.0
A*02:66;A*68:10;A;Mixed;0.0;27.0
A*02:66;A*68:164;A;Mixed;0.0;27.0
A*02:66;A*68:24;A;Mixed;0.0;27.0
A*02:66;A*68:25;A;Mixed;0.0;25.0
A*02:66;A*68:35;A;Mixed;0.0;27.0
A*02:66;A*68:55;A;Mixed;0.0;27.0
A*02:685;A*03:02;A;Mixed;0.0;20.0
A*02:685;A*03:241;A;Mixed;0.0;20.0
A*02:685;A*34:02;A;Mixed;0.0;20.0
A*02:685;A*68:01;A;Mixed;0.0;27.0
A*02:685;A*68:03;A;Mixed;0.0;28.0
A*02:685;A*68:08;A;Mixed;0.0;28.0
A*02:685;A*68:10;A;Mixed;0.0;27.0
A*02:685;A*68:164;A;Mixed;0.0;27.0
A*02:685;A*68:24;A;Mixed;0.0;27.0
A*02:685;A*68:25;A;Mixed;0.0;25.0
A*02:685;A*68:35;A;Mixed;0.0;27.0
A*02:685;A*68:55;A;Mixed;0.0;27.0
A*02:686;A*03:02;A;Mixed;0.0;20.0
A*02:686;A*03:241;A;Mixed;0.0;20.0
A*02:686;A*34:02;A;Mixed;0.0;20.0
A*02:686;A*68:01;A;Mixed;0.0;27.0
A*02:686;A*68:03;A;Mixed;0.0;28.0
A*02:686;A*68:08;A;Mixed;0.0;28.0
A*02:686;A*68:10;A;Mixed;0.0;27.0
A*02:686;A*68:164;A;Mixed;0.0;27.0
A*02:686;A*68:24;A;Mixed;0.0;27.0
A*02:686;A*68:25;A;Mixed;0.0;25.0
A*02:686;A*68:35;A;Mixed;0.0;27.0
A*02:686;A*68:55;A;Mixed;0.0;27.0
A*02:689;A*03:02;A;Mixed;0.0;20.0
A*02:689;A*03:241;A;Mixed;0.0;20.0
A*02:689;A*34:02;A;Mixed;0.0;20.0
A*02:689;A*68:01;A;Mixed;0.0;27.0
A*02:689;A*68:03;A;Mixed;0.0;28.0
A*02:689;A*68:08;A;Mixed;0.0;28.0
A*02:689;A*68:10;A;Mixed;0.0;27.0
A*02:689;A*68:164;A;Mixed;0.0;27.0
A*02:689;A*68:24;A;Mixed;0.0;27.0
A*02:689;A*68:25;A;Mixed;0.0;25.0
A*02:689;A*68:35;A;Mixed;0.0;27.0
A*02:689;A*68:55;A;Mixed;0.0;27.0
A*02:69;A*03:02;A;Mixed;0.0;20.0
A*02:69;A*03:241;A;Mixed;0.0;20.0
A*02:69;A*24:33;A;Mixed;12.0;24.0
A*02:69;A*31:01;A;Mixed;0.0;20.0
A*02:69;A*31:04;A;Mixed;0.0;20.0
A*02:69;A*31:16;A;Mixed;0.0;20.0
A*02:69;A*31:48;A;Mixed;0.0;20.0
A*02:69;A*33:01;A;Mixed;0.0;20.0
A*02:69;A*33:03;A;Mixed;0.0;20.0
A*02:69;A*33:04;A;Mixed;0.0;20.0
A*02:69;A*33:05;A;Mixed;0.0;20.0
A*02:69;A*33:170;A;Mixed;0.0;20.0
A*02:69;A*34:02;A;Mixed;0.0;20.0
A*02:69;A*68:01;A;Mixed;0.0;28.0
A*02:69;A*68:03;A;Mixed;0.0;29.0
A*02:69;A*68:08;A;Mixed;0.0;29.0
A*02:69;A*68:10;A;Mixed;0.0;28.0
A*02:69;A*68:164;A;Mixed;0.0;27.0
A*02:69;A*68:24;A;Mixed;0.0;28.0
A*02:69;A*68:25;A;Mixed;0.0;26.0
A*02:69;A*68:35;A;Mixed;0.0;28.0
A*02:69;A*68:55;A;Mixed;0.0;28.0
A*02:724;A*03:02;A;Mixed;0.0;20.0
A*02:724;A*03:241;A;Mixed;0.0;20.0
A*02:724;A*34:02;A;Mixed;0.0;20.0
A*02:724;A*68:01;A;Mixed;0.0;27.0
A*02:724;A*68:03;A;Mixed;0.0;28.0
A*02:724;A*68:08;A;Mixed;0.0;28.0
A*02:724;A*68:10;A;Mixed;0.0;27.0
A*02:724;A*68:164;A;Mixed;0.0;27.0
A*02:724;A*68:24;A;Mixed;0.0;27.0
A*02:724;A*68:25;A;Mixed;0.0;25.0
A*02:724;A*68:35;A;Mixed;0.0;27.0
A*02:724;A*68:55;A;Mixed;0.0;27.0
A*02:740;A*03:02;A;Mixed;0.0;20.0
A*02:740;A*03:241;A;Mixed;0.0;20.0
A*02:740;A*34:02;A;Mixed;0.0;20.0
A*02:740;A*68:01;A;Mixed;0.0;27.0
A*02:740;A*68:03;A;Mixed;0.0;28.0
A*02:740;A*68:08;A;Mixed;0.0;28.0
A*02:740;A*68:10;A;Mixed;0.0;27.0
A*02:740;A*68:164;A;Mixed;0.0;27.0
A*02:740;A*68:24;A;Mixed;0.0;27.0
A*02:740;A*68:25;A;Mixed;0.0;25.0
A*02:740;A*68:35;A;Mixed;0.0;27.0
A*02:740;A*68:55;A;Mixed;0.0;27.0
A*02:85;A*34:02;A;Mixed;0.0;20.0
A*02:85;A*68:01;A;Mixed;0.0;24.0
A*02:85;A*68:03;A;Mixed;0.0;25.0
A*02:85;A*68:08;A;Mixed;0.0;25.0
A*02:85;A*68:10;A;Mixed;0.0;24.0
A*02:85;A*68:164;A;Mixed;0.0;24.0
A*02:85;A*68:24;A;Mixed;0.0;24.0
A*02:85;A*68:25;A;Mixed;0.0;22.0
A*02:85;A*68:35;A;Mixed;0.0;24.0
A*02:85;A*68:55;A;Mixed;0.0;24.0
A*02:96;A*03:02;A;Mixed;0.0;20.0
A*02:96;A*03:241;A;Mixed;0.0;20.0
A*02:96;A*34:02;A;Mixed;0.0;20.0
A*02:96;A*68:01;A;Mixed;0.0;27.0
A*02:96;A*68:03;A;Mixed;0.0;28.0
A*02:96;A*68:08;A;Mixed;0.0;28.0
A*02:96;A*68:10;A;Mixed;0.0;27.0
A*02:96;A*68:164;A;Mixed;0.0;27.0
A*02:96;A*68:24;A;Mixed;0.0;27.0
A*02:96;A*68:25;A;Mixed;0.0;25.0
A*02:96;A*68:35;A;Mixed;0.0;27.0
A*02:96;A*68:55;A;Mixed;0.0;27.0
A*02:97;A*03:02;A;Mixed;0.0;20.0
A*02:97;A*03:241;A;Mixed;0.0;20.0
A*02:97;A*34:02;A;Mixed;0.0;20.0
A*02:97;A*68:01;A;Mixed;0.0;27.0
A*02:97;A*68:03;A;Mixed;0.0;28.0
A*02:97;A*68:08;A;Mixed;0.0;28.0
A*02:97;A*68:10;A;Mixed;0.0;27.0
A*02:97;A*68:164;A;Mixed;0.0;27.0
A*02:97;A*68:24;A;Mixed;0.0;27.0
A*02:97;A*68:25;A;Mixed;0.0;25.0
A*02:97;A*68:35;A;Mixed;0.0;27.0
A*02:97;A*68:55;A;Mixed;0.0;27.0
A*03:01;A*68:02;A;Mixed;0.0;21.0
A*03:01;A*68:54;A;Mixed;0.0;23.0
A*03:01;A*68:67;A;Mixed;0.0;21.0
A*03:01;A*69:01;A;Mixed;0.0;22.0
A*03:02;A*68:02;A;Mixed;0.0;23.0
A*03:02;A*68:54;A;Mixed;0.0;21.0
A*03:02;A*68:67;A;Mixed;0.0;23.0
A*03:02;A*69:01;A;Mixed;0.0;23.0
A*03:05;A*68:02;A;Mixed;0.0;21.0
A*03:05;A*68:54;A;Mixed;0.0;23.0
A*03:05;A*68:67;A;Mixed;0.0;21.0
A*03:05;A*69:01;A;Mixed;0.0;22.0
A*03:20;A*68:02;A;Mixed;0.0;21.0
A*03:20;A*68:54;A;Mixed;0.0;23.0
A*03:20;A*68:67;A;Mixed;0.0;21.0
A*03:20;A*69:01;A;Mixed;0.0;22.0
A*03:241;A*68:02;A;Mixed;0.0;21.0
A*03:241;A*68:54;A;Mixed;0.0;23.0
A*03:241;A*68:67;A;Mixed;0.0;21.0
A*03:241;A*69:01;A;Mixed;0.0;23.0
A*03:26;A*68:02;A;Mixed;0.0;21.0
A*03:26;A*68:54;A;Mixed;0.0;23.0
A*03:26;A*68:67;A;Mixed;0.0;21.0
A*03:26;A*69:01;A;Mixed;0.0;22.0
A*03:315;A*68:02;A;Mixed;0.0;21.0
A*03:315;A*68:54;A;Mixed;0.0;23.0
A*03:315;A*68:67;A;Mixed;0.0;21.0
A*03:315;A*69:01;A;Mixed;0.0;22.0
A*03:53;A*68:02;A;Mixed;0.0;21.0
A*03:53;A*68:54;A;Mixed;0.0;23.0
A*03:53;A*68:67;A;Mixed;0.0;21.0
A*03:53;A*69:01;A;Mixed;0.0;22.0
A*03:65;A*68:02;A;Mixed;0.0;21.0
A*03:65;A*68:54;A;Mixed;0.0;23.0
A*03:65;A*68:67;A;Mixed;0.0;21.0
A*03:65;A*69:01;A;Mixed;0.0;21.0
A*11:01;A*68:02;A;Mixed;0.0;21.0
A*11:01;A*68:54;A;Mixed;0.0;21.0
A*11:01;A*68:67;A;Mixed;0.0;21.0
A*11:01;A*69:01;A;Mixed;0.0;20.0
A*11:02;A*68:02;A;Mixed;0.0;21.0
A*11:02;A*68:54;A;Mixed;0.0;21.0
A*11:02;A*68:67;A;Mixed;0.0;21.0
A*11:02;A*69:01;A;Mixed;0.0;20.0
A*11:06;A*68:02;A;Mixed;0.0;21.0
A*11:06;A*68:54;A;Mixed;0.0;21.0
A*11:06;A*68:67;A;Mixed;0.0;21.0
A*11:06;A*69:01;A;Mixed;0.0;20.0
A*11:08;A*68:02;A;Mixed;0.0;21.0
A*11:08;A*68:54;A;Mixed;0.0;23.0
A*11:08;A*68:67;A;Mixed;0.0;21.0
A*11:08;A*69:01;A;Mixed;0.0;20.0
A*11:12;A*68:02;A;Mixed;0.0;21.0
A*11:12;A*68:54;A;Mixed;0.0;21.0
A*11:12;A*68:67;A;Mixed;0.0;21.0
A*11:12;A*69:01;A;Mixed;0.0;20.0
A*11:18;A*68:02;A;Mixed;0.0;20.0
A*11:18;A*68:54;A;Mixed;0.0;20.0
A*11:18;A*68:67;A;Mixed;0.0;20.0
A*11:29;A*68:02;A;Mixed;0.0;21.0
A*11:29;A*68:54;A;Mixed;0.0;21.0
A*11:29;A*68:67;A;Mixed;0.0;21.0
A*11:29;A*69:01;A;Mixed;0.0;20.0
A*11:67;A*68:02;A;Mixed;0.0;21.0
A*11:67;A*68:54;A;Mixed;0.0;21.0
A*11:67;A*68:67;A;Mixed;0.0;21.0
A*11:67;A*69:01;A;Mixed;0.0;20.0
A*11:86;A*68:02;A;Mixed;0.0;21.0
A*11:86;A*68:54;A;Mixed;0.0;21.0
A*11:86;A*68:67;A;Mixed;0.0;21.0
A*11:86;A*69:01;A;Mixed;0.0;20.0
A*24:33;A*68:03;A;Mixed;0.0;20.0
A*24:33;A*68:10;A;Mixed;0.0;20.0
A*24:33;A*69:01;A;Mixed;9.0;20.0
A*25:01;A*33:01;A;Mixed;2.0;21.0
A*25:01;A*33:03;A;Mixed;0.0;21.0
A*25:01;A*33:04;A;Mixed;2.0;21.0
A*25:01;A*33:05;A;Mixed;2.0;21.0
A*25:01;A*33:170;A;Mixed;2.0;21.0
A*25:11;A*33:01;A;Mixed;2.0;21.0
A*25:11;A*33:03;A;Mixed;0.0;21.0
A*25:11;A*33:04;A;Mixed;2.0;21.0
A*25:11;A*33:05;A;Mixed;2.0;21.0
A*25:11;A*33:170;A;Mixed;2.0;21.0
A*26:01;A*31:01;A;Mixed;7.0;22.0
A*26:01;A*31:04;A;Mixed;8.0;21.0
A*26:01;A*31:16;A;Mixed;7.0;22.0
A*26:01;A*31:48;A;Mixed;7.0;22.0
A*26:02;A*31:01;A;Mixed;1.0;21.0
A*26:02;A*31:04;A;Mixed;1.0;20.0
A*26:02;A*31:16;A;Mixed;1.0;21.0
A*26:02;A*31:48;A;Mixed;1.0;21.0
A*26:02;A*33:01;A;Mixed;4.0;23.0
A*26:02;A*33:03;A;Mixed;1.0;23.0
A*26:02;A*33:04;A;Mixed;4.0;23.0
A*26:02;A*33:05;A;Mixed;4.0;23.0
A*26:02;A*33:170;A;Mixed;4.0;23.0
A*26:05;A*31:01;A;Mixed;2.0;22.0
A*26:05;A*31:04;A;Mixed;3.0;21.0
A*26:05;A*31:16;A;Mixed;2.0;22.0
A*26:05;A*31:48;A;Mixed;2.0;22.0
A*26:05;A*33:01;A;Mixed;14.0;24.0
A*26:05;A*33:03;A;Mixed;11.0;24.0
A*26:05;A*33:04;A;Mixed;14.0;24.0
A*26:05;A*33:05;A;Mixed;14.0;24.0
A*26:05;A*33:170;A;Mixed;14.0;24.0
A*26:08;A*31:01;A;Mixed;1.0;22.0
A*26:08;A*31:04;A;Mixed;2.0;21.0
A*26:08;A*31:16;A;Mixed;1.0;22.0
A*26:08;A*31:48;A;Mixed;1.0;22.0
A*26:08;A*33:01;A;Mixed;7.0;24.0
A*26:08;A*33:03;A;Mixed;4.0;24.0
A*26:08;A*33:04;A;Mixed;7.0;24.0
A*26:08;A*33:05;A;Mixed;7.0;24.0
A*26:08;A*33:170;A;Mixed;7.0;24.0
A*26:09;A*31:01;A;Mixed;9.0;23.0
A*26:09;A*31:04;A;Mixed;10.0;22.0
A*26:09;A*31:16;A;Mixed;9.0;23.0
A*26:09;A*31:48;A;Mixed;9.0;23.0
A*26:12;A*31:01;A;Mixed;5.0;23.0
A*26:12;A*31:04;A;Mixed;7.0;22.0
A*26:12;A*31:16;A;Mixed;5.0;23.0
A*26:12;A*31:48;A;Mixed;5.0;23.0
A*26:15;A*31:01;A;Mixed;7.0;22.0
A*26:15;A*31:04;A;Mixed;8.0;21.0
A*26:15;A*31:16;A;Mixed;7.0;22.0
A*26:15;A*31:48;A;Mixed;7.0;22.0
A*26:17;A*31:01;A;Mixed;7.0;22.0
A*26:17;A*31:04;A;Mixed;8.0;21.0
A*26:17;A*31:16;A;Mixed;7.0;22.0
A*26:17;A*31:48;A;Mixed;7.0;22.0
A*26:27;A*31:01;A;Mixed;7.0;22.0
A*26:27;A*31:04;A;Mixed;8.0;21.0
A*26:27;A*31:16;A;Mixed;7.0;22.0
A*26:27;A*31:48;A;Mixed;7.0;22.0
A*29:01;A*31:01;A;Mixed;2.0;26.0
A*29:01;A*31:04;A;Mixed;1.0;26.0
A*29:01;A*31:16;A;Mixed;2.0;26.0
A*29:01;A*31:48;A;Mixed;2.0;26.0
A*29:01;A*33:01;A;Mixed;1.0;26.0
A*29:01;A*33:03;A;Mixed;0.0;26.0
A*29:01;A*33:04;A;Mixed;1.0;26.0
A*29:01;A*33:05;A;Mixed;1.0;26.0
A*29:01;A*33:170;A;Mixed;1.0;26.0
A*29:01;A*68:02;A;Mixed;4.0;20.0
A*29:01;A*68:67;A;Mixed;4.0;20.0
A*29:01;A*69:01;A;Mixed;12.0;21.0
A*29:02;A*31:01;A;Mixed;2.0;26.0
A*29:02;A*31:04;A;Mixed;1.0;26.0
A*29:02;A*31:16;A;Mixed;2.0;26.0
A*29:02;A*31:48;A;Mixed;2.0;26.0
A*29:02;A*33:01;A;Mixed;1.0;26.0
A*29:02;A*33:03;A;Mixed;0.0;26.0
A*29:02;A*33:04;A;Mixed;1.0;26.0
A*29:02;A*33:05;A;Mixed;1.0;26.0
A*29:02;A*33:170;A;Mixed;1.0;26.0
A*29:02;A*68:02;A;Mixed;4.0;20.0
A*29:02;A*68:67;A;Mixed;4.0;20.0
A*29:02;A*69:01;A;Mixed;12.0;21.0
A*29:09;A*31:01;A;Mixed;2.0;26.0
A*29:09;A*31:04;A;Mixed;1.0;26.0
A*29:09;A*31:16;A;Mixed;2.0;26.0
A*29:09;A*31:48;A;Mixed;2.0;26.0
A*29:09;A*33:01;A;Mixed;1.0;26.0
A*29:09;A*33:03;A;Mixed;0.0;26.0
A*29:09;A*33:04;A;Mixed;1.0;26.0
A*29:09;A*33:05;A;Mixed;1.0;26.0
A*29:09;A*33:170;A;Mixed;1.0;26.0
A*29:09;A*68:02;A;Mixed;4.0;21.0
A*29:09;A*68:54;A;Mixed;7.0;20.0
A*29:09;A*68:67;A;Mixed;4.0;21.0
A*29:09;A*69:01;A;Mixed;12.0;22.0
A*29:10;A*31:01;A;Mixed;2.0;26.0
A*29:10;A*31:04;A;Mixed;1.0;26.0
A*29:10;A*31:16;A;Mixed;2.0;26.0
A*29:10;A*31:48;A;Mixed;2.0;26.0
A*29:10;A*33:01;A;Mixed;1.0;26.0
A*29:10;A*33:03;A;Mixed;0.0;26.0
A*29:10;A*33:04;A;Mixed;1.0;26.0
A*29:10;A*33:05;A;Mixed;1.0;26.0
A*29:10;A*33:170;A;Mixed;1.0;26.0
A*29:10;A*68:02;A;Mixed;4.0;20.0
A*29:10;A*68:67;A;Mixed;4.0;20.0
A*29:10;A*69:01;A;Mixed;12.0;21.0
A*29:11;A*31:01;A;Mixed;2.0;26.0
A*29:11;A*31:04;A;Mixed;1.0;26.0
A*29:11;A*31:16;A;Mixed;2.0;26.0
A*29:11;A*31:48;A;Mixed;2.0;26.0
A*29:11;A*33:01;A;Mixed;1.0;26.0
A*29:11;A*33:03;A;Mixed;0.0;26.0
A*29:11;A*33:04;A;Mixed;1.0;26.0
A*29:11;A*33:05;A;Mixed;1.0;26.0
A*29:11;A*33:170;A;Mixed;1.0;26.0
A*29:11;A*68:02;A;Mixed;4.0;20.0
A*29:11;A*68:67;A;Mixed;4.0;20.0
A*29:11;A*69:01;A;Mixed;12.0;21.0
A*29:40;A*31:01;A;Mixed;2.0;26.0
A*29:40;A*31:04;A;Mixed;1.0;26.0
A*29:40;A*31:16;A;Mixed;2.0;26.0
A*29:40;A*31:48;A;Mixed;2.0;26.0
A*29:40;A*33:01;A;Mixed;1.0;26.0
A*29:40;A*33:03;A;Mixed;0.0;26.0
A*29:40;A*33:04;A;Mixed;1.0;26.0
A*29:40;A*33:05;A;Mixed;1.0;26.0
A*29:40;A*33:170;A;Mixed;1.0;26.0
A*29:40;A*68:02;A;Mixed;4.0;20.0
A*29:40;A*68:67;A;Mixed;4.0;20.0
A*29:40;A*69:01;A;Mixed;12.0;21.0
A*29:50;A*31:01;A;Mixed;2.0;21.0
A*29:50;A*31:04;A;Mixed;1.0;21.0
A*29:50;A*31:16;A;Mixed;2.0;21.0
A*29:50;A*31:48;A;Mixed;2.0;21.0
A*29:50;A*33:01;A;Mixed;1.0;21.0
A*29:50;A*33:03;A;Mixed;0.0;21.0
A*29:50;A*33:04;A;Mixed;1.0;21.0
A*29:50;A*33:05;A;Mixed;1.0;21.0
A*29:50;A*33:170;A;Mixed;1.0;21.0
A*29:92;A*31:01;A;Mixed;2.0;26.0
A*29:92;A*31:04;A;Mixed;1.0;26.0
A*29:92;A*31:16;A;Mixed;2.0;26.0
A*29:92;A*31:48;A;Mixed;2.0;26.0
A*29:92;A*33:01;A;Mixed;1.0;26.0
A*29:92;A*33:03;A;Mixed;0.0;26.0
A*29:92;A*33:04;A;Mixed;1.0;26.0
A*29:92;A*33:05;A;Mixed;1.0;26.0
A*29:92;A*33:170;A;Mixed;1.0;26.0
A*29:92;A*68:02;A;Mixed;4.0;20.0
A*29:92;A*68:67;A;Mixed;4.0;20.0
A*29:92;A*69:01;A;Mixed;12.0;21.0
A*29:95;A*31:01;A;Mixed;2.0;26.0
A*29:95;A*31:04;A;Mixed;1.0;26.0
A*29:95;A*31:16;A;Mixed;2.0;26.0
A*29:95;A*31:48;A;Mixed;2.0;26.0
A*29:95;A*33:01;A;Mixed;1.0;26.0
A*29:95;A*33:03;A;Mixed;0.0;26.0
A*29:95;A*33:04;A;Mixed;1.0;26.0
A*29:95;A*33:05;A;Mixed;1.0;26.0
A*29:95;A*33:170;A;Mixed;1.0;26.0
A*29:95;A*68:02;A;Mixed;4.0;20.0
A*29:95;A*68:67;A;Mixed;4.0;20.0
A*29:95;A*69:01;A;Mixed;12.0;21.0
A*30:02;A*31:01;A;Mixed;8.0;20.0
A*30:02;A*31:04;A;Mixed;8.0;21.0
A*30:02;A*31:16;A;Mixed;8.0;20.0
A*30:02;A*31:48;A;Mixed;8.0;20.0
A*30:04;A*31:01;A;Mixed;7.0;20.0
A*30:04;A*31:04;A;Mixed;6.0;21.0
A*30:04;A*31:16;A;Mixed;7.0;20.0
A*30:04;A*31:48;A;Mixed;7.0;20.0
A*30:09;A*31:01;A;Mixed;5.0;22.0
A*30:09;A*31:04;A;Mixed;4.0;23.0
A*30:09;A*31:16;A;Mixed;5.0;22.0
A*30:09;A*31:28;A;Mixed;6.0;20.0
A*30:09;A*31:48;A;Mixed;5.0;22.0
A*30:09;A*33:01;A;Mixed;2.0;20.0
A*30:09;A*33:03;A;Mixed;1.0;20.0
A*30:09;A*33:04;A;Mixed;2.0;20.0
A*30:09;A*33:05;A;Mixed;2.0;20.0
A*30:09;A*33:170;A;Mixed;2.0;20.0
A*30:10;A*31:04;A;Mixed;8.0;20.0
A*31:01;A*32:01;A;Mixed;6.0;24.0
A*31:01;A*32:02;A;Mixed;7.0;22.0
A*31:01;A*32:03;A;Mixed;7.0;24.0
A*31:01;A*32:106;A;Mixed;6.0;24.0
A*31:01;A*32:17;A;Mixed;4.0;22.0
A*31:01;A*32:26;A;Mixed;1.0;23.0
A*31:01;A*43:01;A;Mixed;1.0;22.0
A*31:01;A*68:02;A;Mixed;0.0;20.0
A*31:01;A*68:67;A;Mixed;0.0;20.0
A*31:01;A*69:01;A;Mixed;0.0;21.0
A*31:04;A*32:01;A;Mixed;6.0;22.0
A*31:04;A*32:02;A;Mixed;7.0;20.0
A*31:04;A*32:03;A;Mixed;6.0;22.0
A*31:04;A*32:106;A;Mixed;6.0;22.0
A*31:04;A*32:17;A;Mixed;4.0;20.0
A*31:04;A*32:26;A;Mixed;1.0;21.0
A*31:04;A*43:01;A;Mixed;1.0;21.0
A*31:04;A*68:02;A;Mixed;0.0;20.0
A*31:04;A*68:67;A;Mixed;0.0;20.0
A*31:04;A*69:01;A;Mixed;0.0;21.0
A*31:04;A*80:01;A;Mixed;7.0;21.0
A*31:16;A*32:01;A;Mixed;6.0;24.0
A*31:16;A*32:02;A;Mixed;7.0;22.0
A*31:16;A*32:03;A;Mixed;7.0;24.0
A*31:16;A*32:106;A;Mixed;6.0;24.0
A*31:16;A*32:17;A;Mixed;4.0;22.0
A*31:16;A*32:26;A;Mixed;1.0;23.0
A*31:16;A*43:01;A;Mixed;1.0;22.0
A*31:16;A*68:02;A;Mixed;0.0;20.0
A*31:16;A*68:67;A;Mixed;0.0;20.0
A*31:16;A*69:01;A;Mixed;0.0;21.0
A*31:48;A*32:01;A;Mixed;6.0;24.0
A*31:48;A*32:02;A;Mixed;7.0;22.0
A*31:48;A*32:03;A;Mixed;7.0;24.0
A*31:48;A*32:106;A;Mixed;6.0;24.0
A*31:48;A*32:17;A;Mixed;4.0;22.0
A*31:48;A*32:26;A;Mixed;1.0;23.0
A*31:48;A*43:01;A;Mixed;1.0;22.0
A*31:48;A*68:02;A;Mixed;0.0;20.0
A*31:48;A*68:67;A;Mixed;0.0;20.0
A*31:48;A*69:01;A;Mixed;0.0;21.0
A*32:01;A*33:01;A;Mixed;1.0;23.0
A*32:01;A*33:03;A;Mixed;1.0;23.0
A*32:01;A*33:04;A;Mixed;1.0;23.0
A*32:01;A*33:05;A;Mixed;1.0;23.0
A*32:01;A*33:170;A;Mixed;1.0;23.0
A*32:02;A*33:01;A;Mixed;1.0;21.0
A*32:02;A*33:03;A;Mixed;2.0;21.0
A*32:02;A*33:04;A;Mixed;1.0;21.0
A*32:02;A*33:05;A;Mixed;1.0;21.0
A*32:02;A*33:170;A;Mixed;1.0;21.0
A*32:03;A*33:01;A;Mixed;1.0;23.0
A*32:03;A*33:03;A;Mixed;1.0;23.0
A*32:03;A*33:04;A;Mixed;1.0;23.0
A*32:03;A*33:05;A;Mixed;1.0;23.0
A*32:03;A*33:170;A;Mixed;1.0;23.0
A*32:106;A*33:01;A;Mixed;1.0;23.0
A*32:106;A*33:03;A;Mixed;1.0;23.0
A*32:106;A*33:04;A;Mixed;1.0;23.0
A*32:106;A*33:05;A;Mixed;1.0;23.0
A*32:106;A*33:170;A;Mixed;1.0;23.0
A*32:17;A*33:01;A;Mixed;0.0;21.0
A*32:17;A*33:03;A;Mixed;0.0;21.0
A*32:17;A*33:04;A;Mixed;0.0;21.0
A*32:17;A*33:05;A;Mixed;0.0;21.0
A*32:17;A*33:170;A;Mixed;0.0;21.0
A*32:26;A*33:01;A;Mixed;0.0;22.0
A*32:26;A*33:03;A;Mixed;0.0;22.0
A*32:26;A*33:04;A;Mixed;0.0;22.0
A*32:26;A*33:05;A;Mixed;0.0;22.0
A*32:26;A*33:170;A;Mixed;0.0;22.0
A*33:01;A*43:01;A;Mixed;1.0;22.0
A*33:01;A*68:02;A;Mixed;0.0;22.0
A*33:01;A*68:54;A;Mixed;0.0;21.0
A*33:01;A*68:67;A;Mixed;0.0;22.0
A*33:01;A*69:01;A;Mixed;0.0;23.0
A*33:03;A*43:01;A;Mixed;0.0;22.0
A*33:03;A*68:02;A;Mixed;0.0;22.0
A*33:03;A*68:54;A;Mixed;0.0;21.0
A*33:03;A*68:67;A;Mixed;0.0;22.0
A*33:03;A*69:01;A;Mixed;0.0;23.0
A*33:04;A*43:01;A;Mixed;1.0;22.0
A*33:04;A*68:02;A;Mixed;0.0;22.0
A*33:04;A*68:54;A;Mixed;0.0;21.0
A*33:04;A*68:67;A;Mixed;0.0;22.0
A*33:04;A*69:01;A;Mixed;0.0;23.0
A*33:05;A*43:01;A;Mixed;1.0;22.0
A*33:05;A*68:02;A;Mixed;0.0;22.0
A*33:05;A*68:54;A;Mixed;0.0;21.0
A*33:05;A*68:67;A;Mixed;0.0;22.0
A*33:05;A*69:01;A;Mixed;0.0;23.0
A*33:170;A*43:01;A;Mixed;1.0;22.0
A*33:170;A*68:02;A;Mixed;0.0;22.0
A*33:170;A*68:54;A;Mixed;0.0;21.0
A*33:170;A*68:67;A;Mixed;0.0;22.0
A*33:170;A*69:01;A;Mixed;0.0;23.0
A*34:02;A*68:02;A;Mixed;0.0;26.0
A*34:02;A*68:54;A;Mixed;0.0;28.0
A*34:02;A*68:67;A;Mixed;0.0;26.0
A*34:02;A*69:01;A;Mixed;0.0;27.0
A*68:01;A*68:02;A;A68;0.0;36.0
A*68:01;A*68:54;A;A68;0.0;34.0
A*68:01;A*68:67;A;A68;0.0;36.0
A*68:01;A*69:01;A;Mixed;0.0;34.0
A*68:02;A*68:03;A;A68;0.0;35.0
A*68:02;A*68:08;A;A68;0.0;35.0
A*68:02;A*68:10;A;A68;0.0;34.0
A*68:02;A*68:164;A;A68;0.0;35.0
A*68:02;A*68:24;A;A68;0.0;36.0
A*68:02;A*68:25;A;A68;0.0;35.0
A*68:02;A*68:35;A;A68;0.0;36.0
A*68:02;A*68:55;A;A68;0.0;36.0
A*68:02;A*74:01;A;Mixed;7.0;20.0
A*68:02;A*74:02;A;Mixed;7.0;20.0
A*68:02;A*74:06;A;Mixed;15.0;20.0
A*68:02;A*74:09;A;Mixed;7.0;20.0
A*68:02;A*74:11;A;Mixed;7.0;20.0
A*68:03;A*68:54;A;A68;0.0;33.0
A*68:03;A*68:67;A;A68;0.0;35.0
A*68:03;A*69:01;A;Mixed;0.0;33.0
A*68:08;A*68:54;A;A68;0.0;33.0
A*68:08;A*68:67;A;A68;0.0;35.0
A*68:08;A*69:01;A;Mixed;0.0;35.0
A*68:10;A*68:54;A;A68;0.0;32.0
A*68:10;A*68:67;A;A68;0.0;34.0
A*68:10;A*69:01;A;Mixed;0.0;32.0
A*68:164;A*68:54;A;A68;0.0;33.0
A*68:164;A*68:67;A;A68;0.0;35.0
A*68:164;A*69:01;A;Mixed;0.0;34.0
A*68:24;A*68:54;A;A68;0.0;34.0
A*68:24;A*68:67;A;A68;0.0;36.0
A*68:24;A*69:01;A;Mixed;0.0;34.0
A*68:25;A*68:54;A;A68;0.0;33.0
A*68:25;A*68:67;A;A68;0.0;35.0
A*68:25;A*69:01;A;Mixed;0.0;32.0
A*68:35;A*68:54;A;A68;0.0;34.0
A*68:35;A*68:67;A;A68;0.0;36.0
A*68:35;A*69:01;A;Mixed;0.0;34.0
A*68:54;A*68:55;A;A68;0.0;34.0
A*68:55;A*68:67;A;A68;0.0;36.0
A*68:55;A*69:01;A;Mixed;0.0;34.0
A*68:67;A*74:01;A;Mixed;7.0;20.0
A*68:67;A*74:02;A;Mixed;7.0;20.0
A*68:67;A*74:06;A;Mixed;15.0;20.0
A*68:67;A*74:09;A;Mixed;7.0;20.0
A*68:67;A*74:11;A;Mixed;7.0;20.0
A*69:01;A*74:01;A;Mixed;11.0;20.0
A*69:01;A*74:02;A;Mixed;11.0;20.0
A*69:01;A*74:09;A;Mixed;11.0;20.0
A*69:01;A*74:11;A;Mixed;11.0;20.0
B*07:02;B*40:16;B;Mixed;0.0;20.0
B*07:02;B*40:32;B;Mixed;0.0;21.0
B*07:05;B*40:16;B;Mixed;0.0;21.0
B*07:05;B*40:23;B;Mixed;0.0;20.0
B*07:05;B*40:32;B;Mixed;0.0;20.0
B*07:06;B*40:16;B;Mixed;0.0;21.0
B*07:06;B*40:23;B;Mixed;0.0;20.0
B*07:06;B*40:32;B;Mixed;0.0;20.0
B*07:07;B*40:23;B;Mixed;2.0;20.0
B*07:07;B*40:32;B;Mixed;0.0;20.0
B*07:09;B*40:32;B;Mixed;1.0;20.0
B*07:109;B*40:32;B;Mixed;0.0;20.0
B*07:177;B*40:16;B;Mixed;0.0;21.0
B*07:177;B*40:23;B;Mixed;0.0;20.0
B*07:177;B*40:32;B;Mixed;0.0;22.0
B*07:234;B*40:32;B;Mixed;0.0;20.0
B*07:245;B*40:32;B;Mixed;0.0;20.0
B*07:68;B*40:16;B;Mixed;0.0;20.0
B*07:68;B*40:32;B;Mixed;0.0;21.0
B*07:91;B*40:16;B;Mixed;1.0;21.0
B*07:91;B*40:23;B;Mixed;2.0;20.0
B*07:91;B*40:32;B;Mixed;1.0;22.0
B*15:25;B*50:02;B;Mixed;15.0;20.0
B*15:35;B*78:02;B;Mixed;13.0;20.0
B*15:39;B*50:02;B;Mixed;12.0;20.0
B*35:01;B*44:09;B;Mixed;11.0;20.0
B*35:02;B*40:04;B;Mixed;11.0;20.0
B*35:02;B*44:09;B;Mixed;8.0;20.0
B*35:03;B*44:09;B;Mixed;0.0;20.0
B*35:04;B*40:04;B;Mixed;11.0;20.0
B*35:04;B*44:09;B;Mixed;8.0;20.0
B*35:09;B*40:04;B;Mixed;11.0;20.0
B*35:11;B*50:01;B;Mixed;3.0;20.0
B*35:12;B*44:09;B;Mixed;8.0;20.0
B*35:144;B*44:09;B;Mixed;11.0;20.0
B*35:148;B*44:09;B;Mixed;11.0;20.0
B*35:15;B*40:04;B;Mixed;5.0;20.0
B*35:279;B*44:09;B;Mixed;0.0;21.0
B*35:279;B*45:02;B;Mixed;0.0;20.0
B*35:344;B*44:09;B;Mixed;0.0;20.0
B*35:380;B*44:09;B;Mixed;11.0;20.0
B*35:41;B*44:09;B;Mixed;12.0;20.0
B*35:55;B*44:09;B;Mixed;0.0;20.0
B*35:57;B*44:09;B;Mixed;11.0;21.0
B*35:66;B*40:16;B;Mixed;2.0;20.0
B*35:66;B*40:32;B;Mixed;2.0;21.0
B*35:81;B*40:04;B;Mixed;14.0;20.0
B*35:81;B*44:09;B;Mixed;12.0;20.0
B*40:01;B*81:01;B;Mixed;7.0;21.0
B*40:01;B*81:07;B;Mixed;7.0;20.0
B*40:168;B*81:01;B;Mixed;8.0;21.0
B*40:168;B*81:07;B;Mixed;8.0;20.0
B*40:67;B*81:01;B;Mixed;7.0;20.0
B*44:10;B*53:01;B;Mixed;15.0;21.0
B*44:10;B*53:10;B;Mixed;15.0;21.0
B*44:10;B*53:20;B;Mixed;15.0;21.0
B*44:10;B*53:37;B;Mixed;15.0;21.0
